[
    {
        "idx": "0",
        "tit": "This is a Title1",
        "cont": "I wanna talk to you now1",
        "att": "",
        "date": "2023-06-01",
        "uid": "admin",
        "unm": "Administrator",
        "cnt": "0"
    },

    {
        "idx": "2",
        "tit": "This is a Title2",
        "cont": "I wanna talk to you now2",
        "att": "",
        "date": "2023-06-01",
        "uid": "admin",
        "unm": "Administrator",
        "cnt": "0"
    },

    {
        "idx": "3",
        "tit": "This is a Title3",
        "cont": "I wanna talk to you now3",
        "att": "",
        "date": "2023-06-01",
        "uid": "admin",
        "unm": "Administrator",
        "cnt": "0"
    },

    {
        "idx": "4",
        "tit": "This is a Title4",
        "cont": "I wanna talk to you now4",
        "att": "",
        "date": "2023-06-01",
        "uid": "admin",
        "unm": "Administrator",
        "cnt": "0"
    },

    {
        "idx": "5",
        "tit": "This is a Title5",
        "cont": "I wanna talk to you now5",
        "att": "",
        "date": "2023-06-01",
        "uid": "admin",
        "unm": "Administrator",
        "cnt": "0"
    },

    {
        "idx": "6",
        "tit": "This is a Title6",
        "cont": "I wanna talk to you now6",
        "att": "",
        "date": "2023-06-01",
        "uid": "admin",
        "unm": "Administrator",
        "cnt": "0"
    },

    {
        "idx": "7",
        "tit": "This is a Title7",
        "cont": "I wanna talk to you now7",
        "att": "",
        "date": "2023-06-01",
        "uid": "admin",
        "unm": "Administrator",
        "cnt": "0"
    },

    {
        "idx": "8",
        "tit": "This is a Title8",
        "cont": "I wanna talk to you now8",
        "att": "",
        "date": "2023-06-01",
        "uid": "admin",
        "unm": "Administrator",
        "cnt": "0"
    },

    {
        "idx": "9",
        "tit": "This is a Title9",
        "cont": "I wanna talk to you now9",
        "att": "",
        "date": "2023-06-01",
        "uid": "admin",
        "unm": "Administrator",
        "cnt": "0"
    },

    {
        "idx": "10",
        "tit": "This is a Title10",
        "cont": "I wanna talk to you now10",
        "att": "",
        "date": "2023-06-01",
        "uid": "admin",
        "unm": "Administrator",
        "cnt": "0"
    },

    {
        "idx": "11",
        "tit": "This is a Title11",
        "cont": "I wanna talk to you now11",
        "att": "",
        "date": "2023-06-01",
        "uid": "admin",
        "unm": "Administrator",
        "cnt": "0"
    },

    {
        "idx": "12",
        "tit": "This is a Title12",
        "cont": "I wanna talk to you now12",
        "att": "",
        "date": "2023-06-01",
        "uid": "admin",
        "unm": "Administrator",
        "cnt": "0"
    },

    {
        "idx": "13",
        "tit": "This is a Title13",
        "cont": "I wanna talk to you now13",
        "att": "",
        "date": "2023-06-01",
        "uid": "admin",
        "unm": "Administrator",
        "cnt": "0"
    },

    {
        "idx": "14",
        "tit": "This is a Title14",
        "cont": "I wanna talk to you now14",
        "att": "",
        "date": "2023-06-01",
        "uid": "admin",
        "unm": "Administrator",
        "cnt": "0"
    },

    {
        "idx": "15",
        "tit": "This is a Title15",
        "cont": "I wanna talk to you now15",
        "att": "",
        "date": "2023-06-01",
        "uid": "admin",
        "unm": "Administrator",
        "cnt": "0"
    },

    {
        "idx": "16",
        "tit": "This is a Title16",
        "cont": "I wanna talk to you now16",
        "att": "",
        "date": "2023-06-01",
        "uid": "admin",
        "unm": "Administrator",
        "cnt": "0"
    },

    {
        "idx": "17",
        "tit": "This is a Title17",
        "cont": "I wanna talk to you now17",
        "att": "",
        "date": "2023-06-01",
        "uid": "admin",
        "unm": "Administrator",
        "cnt": "0"
    },

    {
        "idx": "18",
        "tit": "This is a Title18",
        "cont": "I wanna talk to you now18",
        "att": "",
        "date": "2023-06-01",
        "uid": "admin",
        "unm": "Administrator",
        "cnt": "0"
    },

    {
        "idx": "19",
        "tit": "This is a Title19",
        "cont": "I wanna talk to you now19",
        "att": "",
        "date": "2023-06-01",
        "uid": "admin",
        "unm": "Administrator",
        "cnt": "0"
    },

    {
        "idx": "20",
        "tit": "This is a Title20",
        "cont": "I wanna talk to you now20",
        "att": "",
        "date": "2023-06-01",
        "uid": "admin",
        "unm": "Administrator",
        "cnt": "0"
    },

    {
        "idx": "21",
        "tit": "This is a Title21",
        "cont": "I wanna talk to you now21",
        "att": "",
        "date": "2023-06-01",
        "uid": "admin",
        "unm": "Administrator",
        "cnt": "0"
    },

    {
        "idx": "22",
        "tit": "This is a Title22",
        "cont": "I wanna talk to you now22",
        "att": "",
        "date": "2023-06-01",
        "uid": "admin",
        "unm": "Administrator",
        "cnt": "0"
    },

    {
        "idx": "23",
        "tit": "This is a Title23",
        "cont": "I wanna talk to you now23",
        "att": "",
        "date": "2023-06-01",
        "uid": "admin",
        "unm": "Administrator",
        "cnt": "0"
    },

    {
        "idx": "24",
        "tit": "This is a Title24",
        "cont": "I wanna talk to you now24",
        "att": "",
        "date": "2023-06-01",
        "uid": "admin",
        "unm": "Administrator",
        "cnt": "0"
    },

    {
        "idx": "25",
        "tit": "This is a Title25",
        "cont": "I wanna talk to you now25",
        "att": "",
        "date": "2023-06-01",
        "uid": "admin",
        "unm": "Administrator",
        "cnt": "0"
    },

    {
        "idx": "26",
        "tit": "This is a Title26",
        "cont": "I wanna talk to you now26",
        "att": "",
        "date": "2023-06-01",
        "uid": "admin",
        "unm": "Administrator",
        "cnt": "0"
    },

    {
        "idx": "27",
        "tit": "This is a Title27",
        "cont": "I wanna talk to you now27",
        "att": "",
        "date": "2023-06-01",
        "uid": "admin",
        "unm": "Administrator",
        "cnt": "0"
    },

    {
        "idx": "28",
        "tit": "This is a Title28",
        "cont": "I wanna talk to you now28",
        "att": "",
        "date": "2023-06-01",
        "uid": "admin",
        "unm": "Administrator",
        "cnt": "0"
    },

    {
        "idx": "29",
        "tit": "This is a Title29",
        "cont": "I wanna talk to you now29",
        "att": "",
        "date": "2023-06-01",
        "uid": "admin",
        "unm": "Administrator",
        "cnt": "0"
    },

    {
        "idx": "30",
        "tit": "This is a Title30",
        "cont": "I wanna talk to you now30",
        "att": "",
        "date": "2023-06-01",
        "uid": "admin",
        "unm": "Administrator",
        "cnt": "0"
    },

    {
        "idx": "31",
        "tit": "This is a Title31",
        "cont": "I wanna talk to you now31",
        "att": "",
        "date": "2023-06-01",
        "uid": "admin",
        "unm": "Administrator",
        "cnt": "0"
    },

    {
        "idx": "32",
        "tit": "This is a Title32",
        "cont": "I wanna talk to you now32",
        "att": "",
        "date": "2023-06-01",
        "uid": "admin",
        "unm": "Administrator",
        "cnt": "0"
    },

    {
        "idx": "33",
        "tit": "This is a Title33",
        "cont": "I wanna talk to you now33",
        "att": "",
        "date": "2023-06-01",
        "uid": "admin",
        "unm": "Administrator",
        "cnt": "0"
    },

    {
        "idx": "34",
        "tit": "This is a Title34",
        "cont": "I wanna talk to you now34",
        "att": "",
        "date": "2023-06-01",
        "uid": "admin",
        "unm": "Administrator",
        "cnt": "0"
    },

    {
        "idx": "35",
        "tit": "This is a Title35",
        "cont": "I wanna talk to you now35",
        "att": "",
        "date": "2023-06-01",
        "uid": "admin",
        "unm": "Administrator",
        "cnt": "0"
    },

    {
        "idx": "36",
        "tit": "This is a Title36",
        "cont": "I wanna talk to you now36",
        "att": "",
        "date": "2023-06-01",
        "uid": "admin",
        "unm": "Administrator",
        "cnt": "0"
    },

    {
        "idx": "37",
        "tit": "This is a Title37",
        "cont": "I wanna talk to you now37",
        "att": "",
        "date": "2023-06-01",
        "uid": "admin",
        "unm": "Administrator",
        "cnt": "0"
    },

    {
        "idx": "38",
        "tit": "This is a Title38",
        "cont": "I wanna talk to you now38",
        "att": "",
        "date": "2023-06-01",
        "uid": "admin",
        "unm": "Administrator",
        "cnt": "0"
    },

    {
        "idx": "39",
        "tit": "This is a Title39",
        "cont": "I wanna talk to you now39",
        "att": "",
        "date": "2023-06-01",
        "uid": "admin",
        "unm": "Administrator",
        "cnt": "0"
    },

    {
        "idx": "40",
        "tit": "This is a Title40",
        "cont": "I wanna talk to you now40",
        "att": "",
        "date": "2023-06-01",
        "uid": "admin",
        "unm": "Administrator",
        "cnt": "0"
    },

    {
        "idx": "41",
        "tit": "This is a Title41",
        "cont": "I wanna talk to you now41",
        "att": "",
        "date": "2023-06-01",
        "uid": "admin",
        "unm": "Administrator",
        "cnt": "0"
    },

    {
        "idx": "42",
        "tit": "This is a Title42",
        "cont": "I wanna talk to you now42",
        "att": "",
        "date": "2023-06-01",
        "uid": "admin",
        "unm": "Administrator",
        "cnt": "0"
    },

    {
        "idx": "43",
        "tit": "This is a Title43",
        "cont": "I wanna talk to you now43",
        "att": "",
        "date": "2023-06-01",
        "uid": "admin",
        "unm": "Administrator",
        "cnt": "0"
    },

    {
        "idx": "44",
        "tit": "This is a Title44",
        "cont": "I wanna talk to you now44",
        "att": "",
        "date": "2023-06-01",
        "uid": "admin",
        "unm": "Administrator",
        "cnt": "0"
    },

    {
        "idx": "45",
        "tit": "This is a Title45",
        "cont": "I wanna talk to you now45",
        "att": "",
        "date": "2023-06-01",
        "uid": "admin",
        "unm": "Administrator",
        "cnt": "0"
    },

    {
        "idx": "46",
        "tit": "This is a Title46",
        "cont": "I wanna talk to you now46",
        "att": "",
        "date": "2023-06-01",
        "uid": "admin",
        "unm": "Administrator",
        "cnt": "0"
    },

    {
        "idx": "47",
        "tit": "This is a Title47",
        "cont": "I wanna talk to you now47",
        "att": "",
        "date": "2023-06-01",
        "uid": "admin",
        "unm": "Administrator",
        "cnt": "0"
    },

    {
        "idx": "48",
        "tit": "This is a Title48",
        "cont": "I wanna talk to you now48",
        "att": "",
        "date": "2023-06-01",
        "uid": "admin",
        "unm": "Administrator",
        "cnt": "0"
    },

    {
        "idx": "49",
        "tit": "This is a Title49",
        "cont": "I wanna talk to you now49",
        "att": "",
        "date": "2023-06-01",
        "uid": "admin",
        "unm": "Administrator",
        "cnt": "0"
    },

    {
        "idx": "50",
        "tit": "This is a Title50",
        "cont": "I wanna talk to you now50",
        "att": "",
        "date": "2023-06-01",
        "uid": "tomtom",
        "unm": "Tom",
        "cnt": "0"
    }
]
