[
    {
        "idx": "0",
        "tit": "【전매된 티켓의 QR 코드 무효화에 대하여】",
        "cont": "유니버설 스튜디오 재팬은 전매 목적의 독점이나 전매 행위로 인한 파크 티켓 가격의 상승을 방지하고, 게스트가 적정한 가격으로 파크를 즐길 수 있도록 공식 WEB 사이트의 WEB 티켓 스토어 이용 약관에서 티켓 전매 행위를 엄격히 금지하고 있습니다.^ 티켓 매매 사이트나 인터넷 옥션 사이트 등에서의 판매를 포함, 모든 전매 행위는 규약 위반이며, 위반한 사람이 유니버설 스튜디오 재팬에서 구매한 모든 티켓 (전매된 티켓에 한정하지 않음)에 대해 2015년 11월 1일(일) 입장 분부터 다음의 조치를 실시합니다.^(1) 약관을 위반한 사람이 WEB 티켓 스토어에서 구매한 파크와 관련된 모든 티켓의 QR 코드를 비활성화합니다.^(2) 약관을 위반한 사람으로부터 파크와 관련한 티켓을 구매한 제삼자는 해당 티켓 이용에 따른 파크 입장 및 파크 이용을 할 수 없습니다. (약관 위반자 본인도 사용할 수 없습니다)^^티켓 매매 사이트나 인터넷 옥션 사이트 등 전매한 티켓과 관련해서 발생한 트러블에 대해서 당사는 일체의 책임을 지지 않습니다. 또한, 티켓을 이용할 수 없게 되는 경우에 대한 보상, 환불에는 대응하지 않습니다. 구매자 본인이 직접 구매한 곳에 문의해 주십시오.^유니버설 스튜디오 재팬의 티켓 출품을 허용한 티켓 매매 사이트나 인터넷 옥션 사이트 등에 대해서는 출품 행위의 중지 및 향후 전매 행위에 관해서도 동일한 규제 조치를 취하도록 요청할 예정입니다.^전매자가 악질적인 전매 행위를 계속하는 경우에는 각 도도부현의 민폐 방지 조례 등에 근거하여 경찰 당국에 통보하는 경우가 있습니다. 또한, 전매된 티켓을 이용할 수 없는 것을 알면서 전매 행위를 계속한 경우에는 사기죄로 기소될 가능성이 있습니다.",
        "att": "",
        "date": "2016-05-19",
        "uid": "admin",
        "unm": "Administrator",
        "pwd": "1111",
        "cnt": "0"
    },
    {
        "idx": "1",
        "tit": "【수하물 검사 실시에 대하여】",
        "cont": "게스트 여러분이 더욱 안전하고 편안한 마음으로 파크를 즐기실 수 있도록 2019년 6월 1일(토)부터 입구에서 입장 전의 수하물 검사를 매일 실시합니다.^여행 가방 등의 큰 짐을 소지하고 방문하시는 것은 되도록 삼가 주십시오.^파크 내에 반입되는 모든 수하물(가방)의 내용물과 중량을 직원이 확인합니다.^수하물 검사 시에는 가방을 검사대 위에 올리시고 가방 안이 전부 보이도록 미리 준비해 주십시오.^파크 반입이 금지된 물품에 관해서는 ‘규칙과 매너’ 페이지를 확인해 주십시오.^2022년 2월 28일(월)부터 액체물 검사도 시작합니다.^수하물 검사 시에는 직원의 안내에 따라 검사가 원활하게 진행될 수 있도록 협조해 주시기 바랍니다.^협조에 동의하지 않을 경우에는 입장하지 못할 수도 있습니다.^여러분의 이해와 협조를 부탁드립니다.",
        "att": "",
        "date": "2022-02-25",
        "uid": "admin",
        "unm": "Administrator",
        "pwd": "1111",
        "cnt": "0"
    },
    {
        "idx": "2",
        "tit": "【주령에 맞서 싸울 각오는 되어 있는가.】",
        "cont": "바로 눈앞에서 주술전과 조우하는 충격의 4-D 어트랙션, 등장.^완전 오리지널 3D 영상×진동과 물보라 등의 특수효과를 통해, 섬뜩한 형상을 하고 덮쳐 오는 주령과 주술사들이 내뿜는 주력이 바로 눈앞에서 아찔한 현장감으로 나타난다...!!^강력한 주령에도 기죽지 않고 맞서 싸우는 이타도리 일행의 황홀한 주술전을 온몸으로 체감하자.^^  개최 기간^2022년 9월 16일(금)~2023년 11월 5일(일)^※ 개최 기간은 변경될 수 있습니다.",
        "att": "",
        "date": "2022-07-25",
        "uid": "admin",
        "unm": "Administrator",
        "pwd": "1111",
        "cnt": "0"
    },
    {
        "idx": "3",
        "tit": "【안전하고 안심할 수 있는 파크 운영에 대하여】",
        "cont": "2023년 5월 8일부로 정부의 신종 코로나바이러스에 관한 기본 대처 방침 및 업종별 가이드라인이 폐지되었습니다.유니버설 스튜디오 재팬은 앞으로도 게스트 여러분과 직원의 건강과 안전 확보를 최우선으로 하여, 일본 국내외의 정세 및 보건 행정기관과 의료 전문가의 지도에 따라 운영해 나가겠습니다.^사람들이 모이는 모든 공공장소에서는 신종 코로나바이러스에 감염될 위험성이 있으므로 파크 내에서 감염되지 않는다는 것을 보장하지 않습니다.",
        "att": "",
        "date": "2022-12-26",
        "uid": "admin",
        "unm": "Administrator",
        "pwd": "1111",
        "cnt": "0"
    },
    {
        "idx": "4",
        "tit": "【마리오의 세계에서 특별한 푸드를 즐기자!】",
        "cont": "버섯 왕국의 레스토랑에는 귀여운 셰프 키노피오가 솜씨를 뽐낸 맛좋은 메뉴가 가득!^슈퍼 닌텐도 월드™에서의 휴식에는 버섯을 테마로 한 특색있는 메뉴가 가득한 ‘키노피오 카페™’를 추천.팝콘 등 부담 없이 즐길 수 있는 먹거리 산책 푸드도 놓칠 수 없다!",
        "att": "",
        "date": "2023-01-10",
        "uid": "admin",
        "unm": "Administrator",
        "pwd": "1111",
        "cnt": "0"
    },
    {
        "idx": "5",
        "tit": "【NO LIMIT! 스트리트 페스티벌】",
        "cont": "새로워진 스트리트 쇼에 뛰어들자!당신도 직원도 파크의 친구들도!다 함께 일체감에 휩싸이는 놀라움 가득한 쇼에 흥분 최고조!^흥겨운 라틴 댄스와 비눗방울을 사용한 쇼 등 최고로 신선한 라인업에 기분 UP!게다가 처음으로 오리지널 송이 도입된 인기 절정 싱잉 쇼는 물론 아기 공룡들과 만날 수 있는 쇼까지.축제 분위기에 휩싸인 열광 스트리트를 전부 즐겨라!^（1）버블 비트 블록^（2）파워 오브 팝: 트렌딩^（3）유니버설 원더랜드 필 더 리듬^（4）피에스타 라티나^（5）미니언즈 피버 디스코 그리팅^（6）쥬라기 공원 다이너소어 미트&그리트",
        "att": "",
        "date": "2023-02-12",
        "uid": "admin",
        "unm": "Administrator",
        "pwd": "1111",
        "cnt": "0"
    },
    {
        "idx": "6",
        "tit": "【NO LIMIT! 퍼레이드】",
        "cont": "최고로 핫한 댄스파티가 시작된다!^처음으로 등장하는 마리오와 포켓몬을 비롯해 미니언과 'SING'의 멤버들, 엘모, 스누피, 헬로키티가 왁자지껄 퍼레이드카&어깨가 들썩이는 음악과 함께 속속 등장. 전부 유니크하고 WOW! 한 세계관에 믿을 수 없을 정도로 휘말려 신나게 춤추다 보면, 자기 틀에서 벗어나 최고로 상쾌해진다!모두가 주인공인 열광 최고조의 퍼레이드에서 활기차고 신나게 즐기자!^개최 기간: 2023년 3월 1일(수)～^※ 개최 기간은 변경될 수 있습니다.",
        "att": "",
        "date": "2023-04-21",
        "uid": "admin",
        "unm": "Administrator",
        "pwd": "1111",
        "cnt": "0"
    },
    {
        "idx": "7",
        "tit": "【‘스파이더맨 더 라이드’ 파이널 이벤트】",
        "cont": "상상을 초월하는 스릴감과 차원이 다른 몰입도로 7년 연속 ‘세계 NO.1 라이드’라는 칭호를 받은 어메이징 어드벤처 오브 스파이더맨 더 라이드가 드디어 파이널을 맞이합니다! ^건물에서 건물로 공중을 질주하는 극한의 스릴과 눈앞에 닥친 숨 막히는 배틀도, 이제 라스트를 맞이합니다.수많은 추억에 깊은 ‘감사의 마음’을 전하고 싶습니다. 그럼 라스트 어메이징을 함께 체험해 보세요.^^개최 기간^2023년 7월 4일(화) ~ 2024년 1월 22일(월)^※ 개최 기간은 변경될 수 있습니다.^①【뉴욕】어메이징 어드벤처 오브 스파이더맨 더 라이드 4K3D^②【뉴욕】어메이징 스파이더맨 스토어^③【뉴욕】어메이징 스파이더맨 포토 오퍼튜니티",
        "att": "",
        "date": "2023-05-16",
        "uid": "admin",
        "unm": "Administrator",
        "pwd": "1111",
        "cnt": "0"
    },
    {
        "idx": "8",
        "tit": "【할로윈 호러 나이트】",
        "cont": "최고로 흉악하게 진화한 각양각색 공포의 연속으로 아드레날린 폭발, 마구 소리 질러라!^할로윈 호러 나이트 역대 최다, 엄청난 좀비 군단에 갇혀 위협받다가 갑자기 벌어지는 Ado의 비명 가득한 기괴한 파티에서 열광 최고조!^완전 최신작이자 최강 공포의 만 15세 미만은 이용 불가한 처키 메이즈에서 절규하고 사다코의 저주가 꿈틀대는 암흑 속을 맹렬한 스피드로 질주하는 새로운 라이드 어트랙션으로 심정지 직전까지!!게다가 바이오해저드™의 크리처들에 맞서 싸우며 전설의 유니버설 몬스터와 맞닥뜨린다!온갖 공포의 총집결에 비명을 지르며 야단법석 즐기다 보면 속이 뻥 뚫릴 정도로 상쾌해져요!^^개최 기간^2023년9월 8일(금)~11월 5일(일)^※ 사다코의 저주 ~다크 호러 라이드~는 2023년 9월 24일(일)~2024년 1월 8일(월)에 개최됩니다.^※ 개최 기간은 변경될 수 있습니다.^【바이오해저드™ 더 익스트림+】팰리스 시어터^【처키스 카니발 오브 카오스】스테이지 18^【사다코의 저주 ~다크 호러 라이드~】스페이스 판타지 스테이션^【유니버설 몬스터즈 ~레전드 오브 피어~】스테이지 22^【‘Ado’×할리우드 드림 더 라이드】할리우드 드림 더 라이드^【코스튬 전용 탈의실】스테이지 18^【입장 정리권 발권소】유니버설 스튜디오 수베니어 옆^【좀비 데 댄스】그래머시 파크, 곳곳에서",
        "att": "",
        "date": "2023-07-06",
        "uid": "admin",
        "unm": "Administrator",
        "pwd": "1111",
        "cnt": "0"
    },
    {
        "idx": "9",
        "tit": "【하하하! 할로윈 파티】",
        "cont": "낮의 할로윈은 귀여움&즐거움이 한가득! 일본 최초, DJ 피카츄&DJ 팬텀과 함께 즐기는 엄청나게 화려하고 핫한 할로윈 파티를 시작으로, 포켓몬 친구들과 유쾌한 그리팅에 흥분 최고조! 게다가 마이멜로디&쿠로미, 미니언들과의 그리팅도 기간 한정 할로윈 코스튬으로 귀여움 한도 초과!　 최고로 즐거운 낮의 할로윈 파티에서 ‘하하하’ 마음껏 웃으며 핫해지자!^^개최 기간^2023년 9월7일（목）〜11월5일（일）^포켓몬 점핑 할로윈 파티, 포켓몬 차지업! 할로윈 그리팅은 2023년 9월 11일(월)~11월 5일(일)에 개최됩니다.^※ 개최 기간은 변경될 수 있습니다.^【포켓몬 점핑 할로윈 파티】그래머시 파크^【포켓몬 차지업! 할로윈 그리팅】애니메이션 셀레브레이션 앞^【마이멜로디＆쿠로미의 해피 할로윈 그리팅】파크 엔트런스 부근^【미니언 몬스터 그리팅】파크 엔트런스 부근^【유니버설 원더랜드 필 더 리듬】유니버설 원더랜드^【‘KUROMI’×할리우드 드림 더 라이드】할리우드 드림 더 라이드^【가장용 탈의실】스테이지 18",        
        "att": "",
        "date": "2023-07-06",
        "uid": "admin",
        "unm": "Administrator",
        "pwd": "1111",
        "cnt": "0"
    },
    {
        "idx": "10",
        "tit": "【태풍으로 인한 8월15일 파크 영업 변경에 따른 티켓 환불에 대하여】",
        "cont": "게스트 여러분 및 크루의 안전을 위하여 8월 15일(화)는 파크 영업을 하지 않습니다.모든 권종의 티켓은 미사용인 경우에 한하여 환불해 드립니다. 상세 내용은 티켓을 구매하신 곳으로 문의하여 주십시오.^^  환불대상 : 구입 후 미사용 상태의 티켓^대상 티켓:1 DAY 스튜디오 패스1.5 DAY 스튜디오 패스2 DAY 스튜디오 패스유니버설 익스프레스 패스^* 연간패스는 대상 외입니다.* 사용한 1.5DAY티켓, 2DAY티켓은 일부 금액만 반환됩니다. 전체 미사용인 경우에만 전액 환불됩니다.^환불 방법환불을 희망하시는 분은 반드시 미사용 티켓이어야 합니다.입장일 및 구입장소를 확인하시고, 아래와 같이 문의해 주십시오.^여행사에서 구입하신 경우파크에서는 환불되지 않습니다. 구입하신 여행사로 문의해 주십시오.^공식 웹사이트(English)공식 메일로 문의해 주십시오. booking@usjticketing.com^^환불예정일：8월 중순 이후^* 티켓 한 장이라도 이미 사용한 경우, 환불되지 않습니다.^* 환불신청 메일이 수신된 후, 확인 메일은 발송되지 않습니다.^* 실제 환불 시기는 카드사에 따라 다르며 완료된 이메일이 발송된 시점부터 최대 2개월까지 소요될 수 있습니다.",
        "att": "",
        "date": "2023-08-15",
        "uid": "admin",
        "unm": "Administrator",
        "pwd": "1111",
        "cnt": "0"
    },
    {
        "idx": "11",
        "tit": "【해리 포터™ 스토리의 세계를 푸드로 체험】",
        "cont": "마법 세계의 참모습을 즐기자.알고 계십니까? 위저딩 월드 오브 해리 포터™에 있는 술집 ‘스리 브룸스틱스™’에서는 영화 그대로의 분위기 속에서 맛있는 음식을 즐길 수 있습니다.^※ 표시 가격은 세금 포함 가격입니다.^※ 일부 메뉴만 게재하고 있습니다. 자세한 내용은 점포에서 확인해 주십시오.^※ 메뉴, 상품 디자인, 가격, 판매 점포 및 판매 시작일 등은 예고 없이 변경될 수 있습니다.^※ 품절된 경우에는 양해 바랍니다.^※ 날씨와 시간에 따라 영업을 쉬는 점포가 있으므로 사전에 양해 바랍니다.^※ 원재료인 쌀의 생산지 정보는 각 레스토랑에 문의해 주십시오.",
        "att": "",
        "date": "2023-09-04",
        "uid": "admin",
        "unm": "Administrator",
        "pwd": "1111",
        "cnt": "0"
    },
    {
        "idx": "12",
        "tit": "【추천! 시즈널 메뉴 대특집】",
        "cont": "할로윈을 모티브로 한 깜찍하면서도 섬뜩한 길거리 음식과 레스토랑에서 즐기는 가을 한정 일품 메뉴 등 기간 한정 메뉴 총집합!^^이 시기에만 즐길 수 있는 할로윈&가을 한정 푸드가 한가득! 포켓몬의 할로윈 파티를 모티브로 한 스페셜 푸드는 물론, 유니버설 마켓의 가을 한정 메뉴와 ‘NO LIMIT! 퍼레이드’ 컬래버레이션 메뉴 등 길거리 음식까지 총집합! 게다가, 열광 최고조의 할로윈을 즐기는 틈틈이 호화로운 메뉴가 즐비한 레스토랑에서 느긋한 식사 시간을 보내는 것도 추천.",
        "att": "",
        "date": "2023-09-04",
        "uid": "admin",
        "unm": "Administrator",
        "cnt": "0"
    },
    {
        "idx": "13",
        "tit": "【NO LIMIT! 크리스마스】",
        "cont": "We wish “YEAH!” Merry Christmas! 평범한 겨울은 날려 버려라!^USJ의 크리스마스는 모든 것이 새롭고 자극적! 지금만 즐길 수 있는 겨울 장식과 흥분되는 마리오의 세계에서 전력을 다해 놀며 “YEAH!” 눈으로 곱게 화장한 마법 세계에서 마법 생물들과 소통하며 “YEAH!” 밤에는 새롭게 장식한 특대형 트리 아래, 엄청나게 화려한 크리스마스 파티에서 빛나는 굿즈를 손에 들고 자신이 직접 반짝반짝 빛나는 빛이 되어 “OH! YEAH!” 넋 놓고 바라만 보는 건 재미없지! 이곳만의 최고로 핫한 크리스마스에 온몸으로 뛰어들자!^^개최 기간^2023년11월 21일 (화) ~ 2024년1월 8일 (월)^※ 개최 기간은 변경될 수 있습니다.^①:[프로스티의 일렉트릭 스노 파티] 그래머시 파크^②:[NO LIMIT! 파티 트리] 그래머시 파크^③:[미니언 해피 크리스마스 그리팅] 캐노피 아래^④:[미니언 뒤죽박죽 그리팅 ~크리스마스 Ver.~] 미니언 파크 앞^⑤:[파워 오브 팝 ~크리스마스 홀리데이 하트비트~] 멜즈 드라이브인 앞^⑥:[유니버설 원더랜드 필 더 리듬] 유니버설 원더랜드",
        "att": "",
        "date": "2023-09-20",
        "uid": "admin",
        "unm": "Administrator",
        "pwd": "1111",
        "cnt": "0"
    },
    {
        "idx": "14",
        "tit": "【NO LIMIT! 카운트다운 2024】",
        "cont": "이것이 바로 매회 매진의 “초열광”!하룻밤 한정의 호화로운 파티가 올해도 돌아왔다!매회 매진되는 최고로 프리미엄한 밤이 올해도 찾아온다!파크의 친구들과 미니언, 그리고 “원피스”부터 좀비 군단까지, 엔터테인먼트가 총집결한 하룻밤 한정의 스페셜 스테이지는 물론, 모두가 하나 되어 열광할 수 있는 카운트다운 모멘트, 게다가 인기 어트랙션의 26시간 무제한 탑승까지!하룻밤 한정의 특별한 파크 체험에 흥분 최고조!^^개최 기간^2023년12월 31일 (일) 19:00 ~ 2024년1월 1일 (월) 21:00^※ 슈퍼 닌텐도 월드™는 2:00부터 6:30까지 점검으로 인하여 운휴합니다.^①:[카운트다운 스페셜 스테이지] 그래머시 파크^②:[카운트다운 모멘트] 라군, 그래머시 파크^③:[카운트다운 파티 뷔페] 스테이지 33™^④:[카운트다운 모멘트 관람 에어리어 입장권이 포함된 레스토랑] 파크 사이드 그릴^⑤:[카운트다운 모멘트 관람 에어리어 입장권이 포함된 레스토랑] 사이도",
        "att": "",
        "date": "2023-09-26",
        "uid": "admin",
        "unm": "Administrator",
        "pwd": "1111",
        "cnt": "0"
    },
    {
        "idx": "15",
        "tit": "게시판 글입니다.1",
        "cont": "ㅇㅇ가 작성한 글입니다.",
        "att": "",
        "date": "2025-01-01",
        "uid":"admin",
        "unm":"Administrator",
        "pwd": "1111",
        "cnt": "0"
    },
    {
        "idx": "16",
        "tit": "게시판 글입니다.2",
        "cont": "ㅇㅇ가 작성한 글입니다.",
        "att": "",
        "date": "2025-01-01",
        "uid":"admin",
        "unm":"Administrator",
        "pwd": "1111",
        "cnt": "0"
    },
    {
        "idx": "17",
        "tit": "게시판 글입니다.3",
        "cont": "ㅇㅇ가 작성한 글입니다.",
        "att": "",
        "date": "2025-01-01",
        "uid":"admin",
        "unm":"Administrator",
        "pwd": "1111",
        "cnt": "0"
    },
    {
        "idx": "18",
        "tit": "게시판 글입니다.4",
        "cont": "ㅇㅇ가 작성한 글입니다.",
        "att": "",
        "date": "2025-01-01",
        "uid":"admin",
        "unm":"Administrator",
        "pwd": "1111",
        "cnt": "0"
    },
    {
        "idx": "19",
        "tit": "게시판 글입니다.5",
        "cont": "ㅇㅇ가 작성한 글입니다.",
        "att": "",
        "date": "2025-01-01",
        "uid":"admin",
        "unm":"Administrator",
        "pwd": "1111",
        "cnt": "0"
    },
    {
        "idx": "20",
        "tit": "게시판 글입니다.6",
        "cont": "ㅇㅇ가 작성한 글입니다.",
        "att": "",
        "date": "2025-01-01",
        "uid":"admin",
        "unm":"Administrator",
        "pwd": "1111",
        "cnt": "0"
    },
    {
        "idx": "21",
        "tit": "게시판 글입니다.7",
        "cont": "ㅇㅇ가 작성한 글입니다.",
        "att": "",
        "date": "2025-01-01",
        "uid":"admin",
        "unm":"Administrator",
        "pwd": "1111",
        "cnt": "0"
    },
    {
        "idx": "22",
        "tit": "게시판 글입니다.8",
        "cont": "ㅇㅇ가 작성한 글입니다.",
        "att": "",
        "date": "2025-01-01",
        "uid":"admin",
        "unm":"Administrator",
        "pwd": "1111",
        "cnt": "0"
    },
    {
        "idx": "23",
        "tit": "게시판 글입니다.9",
        "cont": "ㅇㅇ가 작성한 글입니다.",
        "att": "",
        "date": "2025-01-01",
        "uid":"admin",
        "unm":"Administrator",
        "pwd": "1111",
        "cnt": "0"
    },
    {
        "idx": "24",
        "tit": "게시판 글입니다.10",
        "cont": "ㅇㅇ가 작성한 글입니다.",
        "att": "",
        "date": "2025-01-01",
        "uid":"admin",
        "unm":"Administrator",
        "pwd": "1111",
        "cnt": "0"
    },
    {
        "idx": "25",
        "tit": "게시판 글입니다.11",
        "cont": "ㅇㅇ가 작성한 글입니다.",
        "att": "",
        "date": "2025-01-01",
        "uid":"admin",
        "unm":"Administrator",
        "pwd": "1111",
        "cnt": "0"
    },
    {
        "idx": "26",
        "tit": "게시판 글입니다.12",
        "cont": "ㅇㅇ가 작성한 글입니다.",
        "att": "",
        "date": "2025-01-01",
        "uid":"admin",
        "unm":"Administrator",
        "pwd": "1111",
        "cnt": "0"
    },
    {
        "idx": "27",
        "tit": "게시판 글입니다.13",
        "cont": "ㅇㅇ가 작성한 글입니다.",
        "att": "",
        "date": "2025-01-01",
        "uid":"admin",
        "unm":"Administrator",
        "pwd": "1111",
        "cnt": "0"
    },
    {
        "idx": "28",
        "tit": "게시판 글입니다.14",
        "cont": "ㅇㅇ가 작성한 글입니다.",
        "att": "",
        "date": "2025-01-01",
        "uid":"admin",
        "unm":"Administrator",
        "pwd": "1111",
        "cnt": "0"
    },
    {
        "idx": "29",
        "tit": "게시판 글입니다.15",
        "cont": "ㅇㅇ가 작성한 글입니다.",
        "att": "",
        "date": "2025-01-01",
        "uid":"admin",
        "unm":"Administrator",
        "pwd": "1111",
        "cnt": "0"
    },
    {
        "idx": "30",
        "tit": "게시판 글입니다.16",
        "cont": "ㅇㅇ가 작성한 글입니다.",
        "att": "",
        "date": "2025-01-01",
        "uid":"admin",
        "unm":"Administrator",
        "pwd": "1111",
        "cnt": "0"
    },
    {
        "idx": "31",
        "tit": "게시판 글입니다.17",
        "cont": "ㅇㅇ가 작성한 글입니다.",
        "att": "",
        "date": "2025-01-01",
        "uid":"admin",
        "unm":"Administrator",
        "pwd": "1111",
        "cnt": "0"
    },
    {
        "idx": "32",
        "tit": "게시판 글입니다.18",
        "cont": "ㅇㅇ가 작성한 글입니다.",
        "att": "",
        "date": "2025-01-01",
        "uid":"admin",
        "unm":"Administrator",
        "pwd": "1111",
        "cnt": "0"
    },
    {
        "idx": "33",
        "tit": "게시판 글입니다.19",
        "cont": "ㅇㅇ가 작성한 글입니다.",
        "att": "",
        "date": "2025-01-01",
        "uid":"admin",
        "unm":"Administrator",
        "pwd": "1111",
        "cnt": "0"
    },
    {
        "idx": "34",
        "tit": "게시판 글입니다.20",
        "cont": "ㅇㅇ가 작성한 글입니다.",
        "att": "",
        "date": "2025-01-01",
        "uid":"admin",
        "unm":"Administrator",
        "pwd": "1111",
        "cnt": "0"
    },
    {
        "idx": "35",
        "tit": "게시판 글입니다.21",
        "cont": "ㅇㅇ가 작성한 글입니다.",
        "att": "",
        "date": "2025-01-01",
        "uid":"admin",
        "unm":"Administrator",
        "pwd": "1111",
        "cnt": "0"
    },
    {
        "idx": "36",
        "tit": "게시판 글입니다.22",
        "cont": "ㅇㅇ가 작성한 글입니다.",
        "att": "",
        "date": "2025-01-01",
        "uid":"admin",
        "unm":"Administrator",
        "pwd": "1111",
        "cnt": "0"
    },
    {
        "idx": "37",
        "tit": "게시판 글입니다.23",
        "cont": "ㅇㅇ가 작성한 글입니다.",
        "att": "",
        "date": "2025-01-01",
        "uid":"admin",
        "unm":"Administrator",
        "pwd": "1111",
        "cnt": "0"
    },
    {
        "idx": "38",
        "tit": "게시판 글입니다.24",
        "cont": "ㅇㅇ가 작성한 글입니다.",
        "att": "",
        "date": "2025-01-01",
        "uid":"admin",
        "unm":"Administrator",
        "pwd": "1111",
        "cnt": "0"
    },
    {
        "idx": "39",
        "tit": "게시판 글입니다.25",
        "cont": "ㅇㅇ가 작성한 글입니다.",
        "att": "",
        "date": "2025-01-01",
        "uid":"admin",
        "unm":"Administrator",
        "pwd": "1111",
        "cnt": "0"
    },
    {
        "idx": "40",
        "tit": "게시판 글입니다.26",
        "cont": "ㅇㅇ가 작성한 글입니다.",
        "att": "",
        "date": "2025-01-01",
        "uid":"admin",
        "unm":"Administrator",
        "pwd": "1111",
        "cnt": "0"
    },
    {
        "idx": "41",
        "tit": "게시판 글입니다.27",
        "cont": "ㅇㅇ가 작성한 글입니다.",
        "att": "",
        "date": "2025-01-01",
        "uid":"admin",
        "unm":"Administrator",
        "pwd": "1111",
        "cnt": "0"
    },
    {
        "idx": "42",
        "tit": "게시판 글입니다.28",
        "cont": "ㅇㅇ가 작성한 글입니다.",
        "att": "",
        "date": "2025-01-01",
        "uid":"admin",
        "unm":"Administrator",
        "pwd": "1111",
        "cnt": "0"
    },
    {
        "idx": "43",
        "tit": "게시판 글입니다.29",
        "cont": "ㅇㅇ가 작성한 글입니다.",
        "att": "",
        "date": "2025-01-01",
        "uid":"admin",
        "unm":"Administrator",
        "pwd": "1111",
        "cnt": "0"
    },
    {
        "idx": "44",
        "tit": "게시판 글입니다.30",
        "cont": "ㅇㅇ가 작성한 글입니다.",
        "att": "",
        "date": "2025-01-01",
        "uid":"admin",
        "unm":"Administrator",
        "pwd": "1111",
        "cnt": "0"
    },
    {
        "idx": "45",
        "tit": "게시판 글입니다.31",
        "cont": "ㅇㅇ가 작성한 글입니다.",
        "att": "",
        "date": "2025-01-01",
        "uid":"admin",
        "unm":"Administrator",
        "pwd": "1111",
        "cnt": "0"
    },
    {
        "idx": "46",
        "tit": "게시판 글입니다.32",
        "cont": "ㅇㅇ가 작성한 글입니다.",
        "att": "",
        "date": "2025-01-01",
        "uid":"admin",
        "unm":"Administrator",
        "pwd": "1111",
        "cnt": "0"
    },
    {
        "idx": "47",
        "tit": "게시판 글입니다.33",
        "cont": "ㅇㅇ가 작성한 글입니다.",
        "att": "",
        "date": "2025-01-01",
        "uid":"admin",
        "unm":"Administrator",
        "pwd": "1111",
        "cnt": "0"
    },
    {
        "idx": "48",
        "tit": "게시판 글입니다.34",
        "cont": "ㅇㅇ가 작성한 글입니다.",
        "att": "",
        "date": "2025-01-01",
        "uid":"admin",
        "unm":"Administrator",
        "pwd": "1111",
        "cnt": "0"
    },
    {
        "idx": "49",
        "tit": "【happy의 글】1",
        "cont": "happy가 작성한 글입니다. - 1",
        "att": "",
        "date": "2025-01-02",
        "uid":"happy",
        "unm":"happyfood",
        "pwd": "1111",
        "cnt": "0"
    },
    {
        "idx": "50",
        "tit": "【happy의 글】2",
        "cont": "happy가 작성한 글입니다. - 2",
        "att": "",
        "date": "2025-01-03",
        "uid":"happy",
        "unm":"happyfood",
        "pwd": "1111",
        "cnt": "0"
    },
    {
        "idx": "51",
        "tit": "【happy의 글】3",
        "cont": "happy가 작성한 글입니다. - 3",
        "att": "",
        "date": "2025-01-03",
        "uid":"happy",
        "unm":"happyfood",
        "pwd": "1111",
        "cnt": "0"
    },
    {
        "idx": "52",
        "tit": "【happy의 글】4",
        "cont": "happy가 작성한 글입니다. - 4",
        "att": "",
        "date": "2025-01-03",
        "uid":"happy",
        "unm":"happyfood",
        "pwd": "1111",
        "cnt": "0"
    },
    {
        "idx": "53",
        "tit": "【happy의 글】5",
        "cont": "happy가 작성한 글입니다. - 5",
        "att": "",
        "date": "2025-01-03",
        "uid":"happy",
        "unm":"happyfood",
        "pwd": "1111",
        "cnt": "0"
    },
    {
        "idx": "54",
        "tit": "【happy의 글】6",
        "cont": "happy가 작성한 글입니다. - 6",
        "att": "",
        "date": "2025-01-03",
        "uid":"happy",
        "unm":"happyfood",
        "pwd": "1111",
        "cnt": "0"
    },
    {
        "idx": "55",
        "tit": "【happy의 글】7",
        "cont": "happy가 작성한 글입니다. - 7",
        "att": "",
        "date": "2025-01-05",
        "uid":"happy",
        "unm":"happyfood",
        "pwd": "1111",
        "cnt": "0"
    },
    {
        "idx": "56",
        "tit": "【happy의 글】8",
        "cont": "happy가 작성한 글입니다. - 8",
        "att": "",
        "date": "2025-01-05",
        "uid":"happy",
        "unm":"happyfood",
        "pwd": "1111",
        "cnt": "0"
    },
    {
        "idx": "57",
        "tit": "【happy의 글】9",
        "cont": "happy가 작성한 글입니다. - 9",
        "att": "",
        "date": "2025-01-06",
        "uid":"happy",
        "unm":"happyfood",
        "pwd": "1111",
        "cnt": "0"
    },
    {
        "idx": "58",
        "tit": "【happy의 글】10",
        "cont": "happy가 작성한 글입니다. - 10",
        "att": "",
        "date": "2025-01-07",
        "uid":"happy",
        "unm":"happyfood",
        "pwd": "1111",
        "cnt": "0"
    },
    {
        "idx": "59",
        "tit": "【happy의 글】11",
        "cont": "happy가 작성한 글입니다. - 11",
        "att": "",
        "date": "2025-01-07",
        "uid":"happy",
        "unm":"happyfood",
        "pwd": "1111",
        "cnt": "0"
    },
    {
        "idx": "60",
        "tit": "【happy의 글】12",
        "cont": "happy가 작성한 글입니다. - 12",
        "att": "",
        "date": "2025-01-07",
        "uid":"happy",
        "unm":"happyfood",
        "pwd": "1111",
        "cnt": "0"
    },
    {
        "idx": "61",
        "tit": "【happy의 글】13",
        "cont": "happy가 작성한 글입니다. - 13",
        "att": "",
        "date": "2025-01-08",
        "uid":"happy",
        "unm":"happyfood",
        "pwd": "1111",
        "cnt": "0"
    },
    {
        "idx": "62",
        "tit": "【happy의 글】14",
        "cont": "happy가 작성한 글입니다. - 14",
        "att": "",
        "date": "2025-01-08",
        "uid":"happy",
        "unm":"happyfood",
        "pwd": "1111",
        "cnt": "0"
    },
    {
        "idx": "63",
        "tit": "【happy의 글】15",
        "cont": "happy가 작성한 글입니다. - 15",
        "att": "",
        "date": "2025-01-09",
        "uid":"happy",
        "unm":"happyfood",
        "pwd": "1111",
        "cnt": "0"
    }
]
